,a,b,rmean,smean,imean,s1,s2,s3
6dFGS,1.4375687390012426,-0.8065985794225442,0.10326285151283815,2.2232463530631783,3.345830074862679,0.05196995603513766,0.3428766072029665,0.1671674081079173
SDSS,1.2921011754270253,-0.8691045291070482,0.034736790648433026,2.1887974882687438,3.305741894559449,0.0497569686152294,0.27914400459141514,0.19790039284865635
LAMOST,1.4270926554886025,-0.8011228994930673,-0.09550590750018018,2.158499254313783,3.3995840045625316,0.05960539795882823,0.2992039993918963,0.1997602537610095
