,a,b,rmean,smean,imean,s1,s2,s3
6dFGS,1.4717298619748247,-0.8065187636495476,0.09215309926374425,2.2392800374663997,3.3622970168974535,0.04857880193475785,0.342185232942607,0.16507337917704817
SDSS,1.2922179893468244,-0.8699650339737635,0.03472518390233042,2.1887918045426713,3.3057644258503327,0.04971152066561633,0.2789660228705864,0.19788091447500608
LAMOST,1.4277578315141348,-0.802233512381011,-0.09554732828828016,2.1591156975782066,3.3996588554265172,0.05956096378697059,0.2988603899515219,0.19972050542609332
