,a,b,rmean,smean,imean,s1,s2,s3
6dFGS,1.4717298619748247,-0.8065187636495476,0.09215309926374425,2.2392800374663997,3.3622970168974535,0.04857880193475785,0.342185232942607,0.16507337917704817
SDSS,1.29194732348075,-0.8697644508615452,0.034680227728263846,2.1887896201952395,3.3058170785971233,0.049716418034207295,0.2789698018059311,0.19786525375089042
LAMOST,1.4270393331010482,-0.802021195562211,-0.09551980508632092,2.1591251643710887,3.399648223475091,0.05956393277822222,0.29887098433619425,0.19973109067253217
