,a,b,rmean,smean,imean,s1,s2,s3
6dFGS,1.4719246207075836,-0.8065463925674572,0.09218349539818368,2.2392972652042857,3.362278893436918,0.048573820059967576,0.3421662578996299,0.16505906402618142
SDSS,1.2921121203430652,-0.8697611571979978,0.034709168392030997,2.188791590125291,3.305782874349392,0.049713642927863025,0.27898598166057603,0.19787920867297723
LAMOST,1.4274451841654838,-0.8021460343746072,-0.09553820113227131,2.1591146107213866,3.3996483832004936,0.0595635114615633,0.2988624549674771,0.19973076146364363
