,a,b,rmean,smean,imean,s1,s2,s3
6dFGS,1.472718940906521,-0.8068101105922515,0.09219044877097897,2.239374265884446,3.3623565872337657,0.04855501109692885,0.3420748382449218,0.16498810364864983
SDSS,1.4474698485155282,-0.8787416846511329,0.04740206576018921,2.221964386520178,3.3288398676214497,0.04739238901688961,0.29317526491323875,0.1732146763676073
LAMOST,1.5925762385590836,-0.8242213270706022,-0.1016975859968714,2.1875887741536286,3.4471999762105767,0.061514736025582335,0.2979926879445651,0.17601679689868824
ALL_COMBINED,1.5364608754659932,-0.8381458195263487,0.0443607592948695,2.228319239672904,3.367774006123006,0.051255237864055885,0.3275728425864142,0.17250863788855875
