,a,b,rmean,smean,imean,s1,s2,s3
6dFGS,1.472718940906521,-0.8068101105922515,0.09219044877097897,2.239374265884446,3.3623565872337657,0.04855501109692885,0.3420748382449218,0.16498810364864983
SDSS,1.4475167944058647,-0.8787075369194256,0.04739518359450595,2.2219579896952406,3.328832352035796,0.047390223772223024,0.293161193418298,0.17321936221044987
LAMOST,1.590059475955867,-0.8241344818406691,-0.1017920928869288,2.1874195154860288,3.447142602258281,0.06154192141211127,0.297983224123954,0.17612234250982997
