,a,b,rmean,smean,imean,s1,s2,s3
6dFGS,1.4374109690097778,-0.8067390584854672,0.10326624291488667,2.2232642789252925,3.3458542448450306,0.05195733733022908,0.3427955662083998,0.16715479334950387
SDSS,1.4457084809451821,-0.8758665469286848,0.04561388066609123,2.220332058139156,3.328671123690345,0.04769202641493903,0.2933282520587577,0.17465096433798058
LAMOST,1.595538681702479,-0.8230788144751644,-0.09959221546441298,2.188428622099442,3.4474668254467806,0.06187017958831158,0.2986460394973752,0.1746706606890362
