,a,b,rmean,smean,imean,s1,s2,s3
6dFGS,1.4219545947549608,-0.8846669832283679,0.18716201777206318,2.258910786253121,3.214058540549869,0.04035257294609113,0.27581656796650167,0.14482392342272168
SDSS,1.4231058703397057,-0.9,0.1476528677394814,2.2411853242032467,3.2,0.04371664982948251,0.26854455223414514,0.15896141986473603
LAMOST,1.4149012548591147,-0.9,-0.03866760144853366,2.1674547419866927,3.2877387007708756,0.047800367067267494,0.26490026589540927,0.15887617354230787
SDSS_LAMOST,1.4239349858572319,-0.8998843533951358,0.10844524633084487,2.2216173391807326,3.2133404905248844,0.04498264745565794,0.2708743119517931,0.1629793016893122
6dFGS_SDSS,1.438949155805889,-0.894077170438608,0.17375319424216698,2.252093763095488,3.202062512989219,0.04311071961973109,0.27048909127861653,0.15222253701236352
ALL_COMBINED,1.4353657240856488,-0.8973840489055819,0.14947824556429448,2.243174126860583,3.214361178155431,0.04386980369462978,0.27422084475318814,0.1541819958070546
