,a,b,rmean,smean,imean,s1,s2,s3
6dFGS,1.4727450269081779,-0.8067655706242373,0.09220442391625965,2.239357905094388,3.362311137181983,0.04855332638961742,0.3420993502418996,0.16500542946180347
SDSS,1.4473781693896133,-0.8788002558129113,0.04740981102316072,2.2219602564843277,3.328829568378366,0.04739234451469739,0.2931518698328605,0.17321373901964374
LAMOST,1.5925923787747474,-0.8242937433743697,-0.10170182015717158,2.187588267791735,3.44721420820459,0.0615166569608735,0.2979808194294946,0.1760120732792446
