,a,b,rmean,smean,imean,s1,s2,s3
6dFGS,1.472966548894381,-0.8068026819313103,0.09222584336940547,2.239381764958835,3.362310304928669,0.04855751312050733,0.3421369303275985,0.1649795957668273
SDSS,1.4473329825102073,-0.8784926528591834,0.04740193045425526,2.2219547376395834,3.328828486688753,0.04740370837965819,0.29320836563420705,0.1732367233299397
LAMOST,1.427250331731903,-0.8024963731809562,-0.09553531873382265,2.159102915486372,3.399631565677782,0.059547331543768525,0.2987043282767633,0.19972655309500373
