,a,b,rmean,smean,imean,s1,s2,s3
6dFGS,1.4733672218719314,-0.8066767241101522,0.09221718152514413,2.2393985678049075,3.362326531884216,0.04854908692250342,0.3421049665558938,0.16497865112603588
SDSS,1.4473712646305716,-0.8786355915637283,0.04740604576518485,2.2219678099096196,3.3288451805878356,0.0474028832429645,0.29321556150426026,0.17321000175276396
LAMOST,1.4282508418400095,-0.8026728674925279,-0.09553940465691825,2.1591254739046626,3.399667703610959,0.05954200074730099,0.2987264929053126,0.19971465368539243
