,a,b,rmean,smean,imean,s1,s2,s3
6dFGS,1.4378921938134563,-0.8067224253185215,0.10327854366857525,2.223275324317813,3.345840935612091,0.05196070427084298,0.3428228233867105,0.16713992127016106
SDSS,1.4462012484815383,-0.8757255538185423,0.04565131346820948,2.2203553891040744,3.328633814452371,0.04769635317805141,0.29338358990506386,0.17465058382116952
LAMOST,1.4273490214302753,-0.8015619593427885,-0.0955170965314228,2.1584842333480867,3.3995979250024186,0.05959330253840525,0.29906793658987824,0.19974447882227833
